Occupational_Prestige_Pct,Highest_Educ_Level,Happiness,sex,Year
60,College 1YR,Very Happy,2,2012
40,College 4YR,Very Happy,2,2012
73,College 7YR,Very Happy,2,2012
31,College 3YR,Pretty Happy,2,2012
NA,Grade 11,Pretty Happy,2,2012
NA,Grade 9,Not Too Happy,2,2012
53,College 5YR,Pretty Happy,2,2012
35,College 4YR,Pretty Happy,2,2012
NA,Grade 12,Not Too Happy,2,2012
48,Grade 12,Very Happy,2,2012
51,College 1YR,Pretty Happy,2,2012
39,College 1YR,Pretty Happy,2,2012
NA,Grade 12,Pretty Happy,2,2012
32,No School,Not Too Happy,2,2012
59,College 4YR,Very Happy,2,2012
43,College 5YR,Pretty Happy,2,2012
47,College 4YR,Not Too Happy,2,2012
53,College 1YR,Pretty Happy,2,2012
32,College 2YR,Very Happy,2,2012
31,College 2YR,Pretty Happy,2,2012
48,Grade 12,Very Happy,2,2012
32,College 5YR,Pretty Happy,2,2012
31,College 2YR,Pretty Happy,2,2012
39,College 6YR,Very Happy,2,2012
24,College 2YR,Not Too Happy,2,2012
39,College 6YR,Pretty Happy,2,2012
39,College 4YR,Very Happy,2,2012
49,College 4YR,Very Happy,2,2012
61,College 4YR,Pretty Happy,2,2012
46,College 4YR,Pretty Happy,2,2012
64,College 4YR,Pretty Happy,2,2012
71,College 8YR,Very Happy,2,2012
NA,College 8YR,Pretty Happy,2,2012
55,College 2YR,Pretty Happy,2,2012
36,Grade 12,Not Too Happy,2,2012
48,Grade 8,Pretty Happy,2,2012
NA,Grade 9,Very Happy,2,2012
64,College 7YR,Not Too Happy,2,2012
61,College 5YR,Not Too Happy,2,2012
59,College 4YR,Not Too Happy,2,2012
NA,College 2YR,Not Too Happy,2,2012
24,Grade 11,Pretty Happy,2,2012
46,College 4YR,Pretty Happy,2,2012
48,College 2YR,Pretty Happy,2,2012
64,College 4YR,Pretty Happy,2,2012
48,College 4YR,Pretty Happy,2,2012
47,College 2YR,Pretty Happy,2,2012
63,College 1YR,Very Happy,2,2012
25,Grade 12,Not Too Happy,2,2012
55,College 6YR,Pretty Happy,2,2012
74,College 8YR,Pretty Happy,2,2012
59,Grade 12,Pretty Happy,2,2012
74,College 7YR,Very Happy,2,2012
35,Grade 12,Not Too Happy,2,2012
17,College 5YR,NA,2,2012
64,College 6YR,Pretty Happy,2,2012
51,College 8YR,Pretty Happy,2,2012
64,College 4YR,Very Happy,2,2012
47,Grade 12,Pretty Happy,2,2012
45,Grade 10,Pretty Happy,2,2012
25,College 2YR,Not Too Happy,2,2012
NA,College 1YR,Pretty Happy,2,2012
55,College 5YR,Pretty Happy,2,2012
64,College 4YR,Pretty Happy,2,2012
NA,College 8YR,Pretty Happy,2,2012
48,College 7YR,Pretty Happy,2,2012
44,College 1YR,Pretty Happy,2,2012
NA,College 6YR,Not Too Happy,2,2012
51,College 2YR,Pretty Happy,2,2012
70,College 4YR,Pretty Happy,2,2012
48,Grade 12,Pretty Happy,2,2012
38,College 2YR,Not Too Happy,2,2012
65,College 6YR,Pretty Happy,2,2012
61,College 2YR,Pretty Happy,2,2012
55,College 4YR,Not Too Happy,2,2012
47,College 8YR,Pretty Happy,2,2012
33,Grade 6,Not Too Happy,2,2012
47,Grade 12,Pretty Happy,2,2012
33,Grade 12,Not Too Happy,2,2012
22,Grade 6,Very Happy,2,2012
38,Grade 12,Not Too Happy,2,2012
48,College 1YR,Pretty Happy,2,2012
60,College 4YR,Pretty Happy,2,2012
48,College 2YR,Pretty Happy,2,2012
38,College 4YR,Pretty Happy,2,2012
47,Grade 11,Not Too Happy,2,2012
51,College 2YR,Pretty Happy,2,2012
48,College 2YR,Pretty Happy,2,2012
35,College 2YR,Pretty Happy,2,2012
28,Grade 9,Not Too Happy,2,2012
NA,Grade 6,Pretty Happy,2,2012
32,Grade 6,Very Happy,2,2012
33,Grade 11,Pretty Happy,2,2012
64,College 2YR,Very Happy,2,2012
53,College 1YR,Not Too Happy,2,2012
73,College 5YR,Very Happy,2,2012
46,Grade 12,Pretty Happy,2,2012
NA,College 1YR,Pretty Happy,2,2012
28,College 2YR,Not Too Happy,2,2012
46,College 4YR,Pretty Happy,2,2012
46,College 3YR,Very Happy,2,2012
46,College 3YR,Very Happy,2,2012
NA,College 2YR,Pretty Happy,2,2012
NA,College 3YR,Very Happy,2,2012
61,College 7YR,Very Happy,2,2012
38,Grade 12,Pretty Happy,2,2012
31,College 4YR,Pretty Happy,2,2012
63,College 4YR,Pretty Happy,2,2012
44,Grade 12,Pretty Happy,2,2012
53,College 4YR,Pretty Happy,2,2012
53,College 4YR,Pretty Happy,2,2012
32,Grade 12,Not Too Happy,2,2012
48,College 1YR,Very Happy,2,2012
45,Grade 12,Pretty Happy,2,2012
47,College 2YR,Very Happy,2,2012
NA,Grade 9,Very Happy,2,2012
NA,College 5YR,Pretty Happy,2,2012
35,College 1YR,Pretty Happy,2,2012
61,College 7YR,Pretty Happy,2,2012
59,College 2YR,Very Happy,2,2012
46,College 2YR,Pretty Happy,2,2012
64,College 6YR,Pretty Happy,2,2012
NA,Grade 12,Pretty Happy,2,2012
NA,Grade 9,Pretty Happy,2,2012
28,Grade 11,Very Happy,2,2012
25,Grade 12,Pretty Happy,2,2012
40,Grade 12,Pretty Happy,2,2012
47,College 7YR,Pretty Happy,2,2012
47,Grade 12,Very Happy,2,2012
24,Grade 6,Very Happy,2,2012
35,College 4YR,Very Happy,2,2012
48,Grade 12,Very Happy,2,2012
64,College 2YR,Very Happy,2,2012
NA,Grade 6,Very Happy,2,2012
56,Grade 12,Pretty Happy,2,2012
NA,No School,Pretty Happy,2,2012
45,College 4YR,Pretty Happy,2,2012
64,College 2YR,Not Too Happy,2,2012
64,College 4YR,Pretty Happy,2,2012
47,Grade 12,Pretty Happy,2,2012
NA,Grade 8,Pretty Happy,2,2012
24,Grade 12,Very Happy,2,2012
47,College 4YR,Very Happy,2,2012
61,College 4YR,Pretty Happy,2,2012
47,Grade 12,Pretty Happy,2,2012
28,Grade 12,Pretty Happy,2,2012
61,College 4YR,Very Happy,2,2012
33,College 4YR,Very Happy,2,2012
61,College 6YR,Pretty Happy,2,2012
35,Grade 12,Pretty Happy,2,2012
17,Grade 12,Very Happy,2,2012
45,College 2YR,Pretty Happy,2,2012
64,College 4YR,Pretty Happy,2,2012
31,Grade 12,Pretty Happy,2,2012
58,College 4YR,Very Happy,2,2012
53,College 4YR,Pretty Happy,2,2012
59,College 8YR,Very Happy,2,2012
64,College 4YR,Pretty Happy,2,2012
47,College 1YR,Not Too Happy,2,2012
53,College 4YR,Pretty Happy,2,2012
NA,College 2YR,Very Happy,2,2012
31,College 2YR,Pretty Happy,2,2012
74,College 4YR,Very Happy,2,2012
25,Grade 12,Not Too Happy,2,2012
36,Grade 12,Not Too Happy,2,2012
33,Grade 12,Pretty Happy,2,2012
17,Grade 11,Pretty Happy,2,2012
47,Grade 12,Pretty Happy,2,2012
73,College 4YR,Pretty Happy,2,2012
35,Grade 8,Very Happy,2,2012
38,College 4YR,NA,2,2012
25,Grade 4,Pretty Happy,2,2012
38,Grade 12,Pretty Happy,2,2012
21,College 3YR,Pretty Happy,2,2012
38,College 4YR,Very Happy,2,2012
47,College 2YR,Not Too Happy,2,2012
46,College 5YR,Pretty Happy,2,2012
63,College 4YR,Pretty Happy,2,2012
60,College 4YR,Very Happy,2,2012
51,College 5YR,Pretty Happy,2,2012
64,College 5YR,Pretty Happy,2,2012
64,Grade 12,Pretty Happy,2,2012
38,College 4YR,Pretty Happy,2,2012
61,College 4YR,Pretty Happy,2,2012
25,College 4YR,Very Happy,2,2012
NA,College 7YR,Pretty Happy,2,2012
31,College 2YR,Pretty Happy,2,2012
51,College 8YR,Not Too Happy,2,2012
63,College 4YR,Pretty Happy,2,2012
53,College 1YR,Pretty Happy,2,2012
69,College 6YR,Not Too Happy,2,2012
21,Grade 10,Very Happy,2,2012
48,College 1YR,Pretty Happy,2,2012
35,College 6YR,Pretty Happy,2,2012
39,College 4YR,Pretty Happy,2,2012
64,College 3YR,Pretty Happy,2,2012
NA,Grade 12,Pretty Happy,2,2012
24,Grade 5,Not Too Happy,2,2012
35,Grade 10,Pretty Happy,2,2012
64,College 4YR,Pretty Happy,2,2012
53,Grade 12,Pretty Happy,2,2012
48,College 3YR,Pretty Happy,2,2012
61,College 4YR,Pretty Happy,2,2012
53,College 2YR,Very Happy,2,2012
24,Grade 12,Pretty Happy,2,2012
45,College 2YR,Pretty Happy,2,2012
46,College 3YR,Pretty Happy,2,2012
60,College 8YR,Pretty Happy,2,2012
60,College 4YR,Not Too Happy,2,2012
35,College 2YR,Not Too Happy,2,2012
NA,College 4YR,Pretty Happy,2,2012
22,College 2YR,Not Too Happy,2,2012
21,College 6YR,Pretty Happy,2,2012
61,College 5YR,Pretty Happy,2,2012
31,Grade 12,Pretty Happy,2,2012
47,College 4YR,Pretty Happy,2,2012
24,Grade 12,Pretty Happy,2,2012
64,College 7YR,Very Happy,2,2012
45,College 3YR,Not Too Happy,2,2012
48,College 1YR,Pretty Happy,2,2012
NA,Grade 12,Very Happy,2,2012
51,College 2YR,Pretty Happy,2,2012
52,College 4YR,Very Happy,2,2012
61,College 8YR,Pretty Happy,2,2012
33,College 4YR,Pretty Happy,2,2012
64,College 7YR,Very Happy,2,2012
38,College 4YR,Pretty Happy,2,2012
47,College 4YR,Not Too Happy,2,2012
38,Grade 12,Pretty Happy,2,2012
53,College 8YR,Very Happy,2,2012
45,College 1YR,Pretty Happy,2,2012
31,Grade 12,Pretty Happy,2,2012
46,Grade 10,Pretty Happy,2,2012
60,College 6YR,Pretty Happy,2,2012
38,College 4YR,Pretty Happy,2,2012
48,College 4YR,Pretty Happy,2,2012
64,College 3YR,Pretty Happy,2,2012
32,College 4YR,Very Happy,2,2012
48,Grade 12,Very Happy,2,2012
61,College 2YR,Very Happy,2,2012
53,College 4YR,Very Happy,2,2012
50,Grade 11,Very Happy,2,2012
50,College 4YR,Very Happy,2,2012
47,Grade 11,Pretty Happy,2,2012
47,College 4YR,Very Happy,2,2012
44,College 2YR,Not Too Happy,2,2012
59,College 2YR,Very Happy,2,2012
48,Grade 12,Not Too Happy,2,2012
35,Grade 12,Pretty Happy,2,2012
52,College 4YR,Not Too Happy,2,2012
64,Grade 12,Very Happy,2,2012
47,Grade 12,Very Happy,2,2012
36,Grade 12,Pretty Happy,2,2012
60,College 4YR,Very Happy,2,2012
64,College 7YR,Pretty Happy,2,2012
60,College 6YR,Very Happy,2,2012
65,College 6YR,Pretty Happy,2,2012
42,College 5YR,Pretty Happy,2,2012
70,College 2YR,Not Too Happy,2,2012
35,Grade 9,Pretty Happy,2,2012
51,College 6YR,Pretty Happy,2,2012
48,Grade 9,Pretty Happy,2,2012
35,College 2YR,Pretty Happy,2,2012
45,College 4YR,Not Too Happy,2,2012
48,Grade 12,Pretty Happy,2,2012
48,College 2YR,Pretty Happy,2,2012
35,Grade 10,Very Happy,2,2012
24,Grade 12,Pretty Happy,2,2012
NA,College 3YR,Very Happy,2,2012
51,College 6YR,Not Too Happy,2,2012
32,College 1YR,Pretty Happy,2,2012
61,College 4YR,Pretty Happy,2,2012
39,College 3YR,Very Happy,2,2012
25,Grade 12,Very Happy,2,2012
47,College 1YR,Very Happy,2,2012
40,Grade 10,Pretty Happy,2,2012
35,Grade 12,Very Happy,2,2012
31,Grade 12,Very Happy,2,2012
53,College 2YR,Pretty Happy,2,2012
45,College 4YR,Very Happy,2,2012
31,Grade 8,Pretty Happy,2,2012
NA,Grade 9,Pretty Happy,2,2012
31,Grade 12,Not Too Happy,2,2012
39,Grade 12,Not Too Happy,2,2012
35,Grade 12,Not Too Happy,2,2012
35,Grade 12,Pretty Happy,2,2012
35,Grade 7,Pretty Happy,2,2012
64,College 6YR,Pretty Happy,2,2012
34,College 2YR,Pretty Happy,2,2012
28,Grade 12,Pretty Happy,2,2012
44,College 3YR,Pretty Happy,2,2012
47,Grade 12,Pretty Happy,2,2012
64,College 2YR,Pretty Happy,2,2012
64,College 6YR,Pretty Happy,2,2012
18,Grade 11,Pretty Happy,2,2012
48,College 1YR,Pretty Happy,2,2012
64,College 4YR,Pretty Happy,2,2012
24,Grade 12,Very Happy,2,2012
31,Grade 10,Very Happy,2,2012
61,College 2YR,Pretty Happy,2,2012
35,Grade 10,Pretty Happy,2,2012
36,Grade 12,Pretty Happy,2,2012
35,Grade 11,Pretty Happy,2,2012
25,Grade 10,Very Happy,2,2012
25,Grade 12,Pretty Happy,2,2012
38,Grade 6,Pretty Happy,2,2012
60,Grade 12,Not Too Happy,2,2012
48,Grade 6,Very Happy,2,2012
61,College 5YR,Pretty Happy,2,2012
32,Grade 11,Very Happy,2,2012
25,College 3YR,Not Too Happy,2,2012
47,College 7YR,Pretty Happy,2,2012
47,College 4YR,Very Happy,2,2012
64,College 2YR,Very Happy,2,2012
38,College 1YR,Very Happy,2,2012
25,Grade 7,Very Happy,2,2012
64,College 6YR,Pretty Happy,2,2012
48,Grade 12,Not Too Happy,2,2012
64,College 2YR,Pretty Happy,2,2012
64,College 6YR,Very Happy,2,2012
53,College 6YR,Very Happy,2,2012
52,College 6YR,Very Happy,2,2012
48,College 4YR,Very Happy,2,2012
45,College 1YR,Very Happy,2,2012
40,Grade 12,Very Happy,2,2012
38,College 2YR,Pretty Happy,2,2012
47,Grade 12,Not Too Happy,2,2012
64,College 4YR,Pretty Happy,2,2012
61,College 6YR,Pretty Happy,2,2012
53,College 1YR,Pretty Happy,2,2012
55,College 8YR,Pretty Happy,2,2012
38,College 4YR,Very Happy,2,2012
39,Grade 12,Not Too Happy,2,2012
48,College 2YR,Very Happy,2,2012
60,Grade 12,Very Happy,2,2012
59,College 2YR,Pretty Happy,2,2012
43,College 2YR,Pretty Happy,2,2012
64,College 3YR,Very Happy,2,2012
28,Grade 12,Pretty Happy,2,2012
NA,Grade 10,Not Too Happy,2,2012
60,College 1YR,Pretty Happy,2,2012
38,Grade 12,Pretty Happy,2,2012
26,Grade 11,Pretty Happy,2,2012
50,College 2YR,Very Happy,2,2012
39,College 2YR,Not Too Happy,2,2012
50,Grade 12,Very Happy,2,2012
48,College 3YR,Pretty Happy,2,2012
NA,Grade 11,Not Too Happy,2,2012
38,Grade 12,Very Happy,2,2012
64,College 3YR,Pretty Happy,2,2012
31,College 4YR,Very Happy,2,2012
31,Grade 12,Pretty Happy,2,2012
47,College 4YR,Pretty Happy,2,2012
25,Grade 8,Very Happy,2,2012
53,College 4YR,Very Happy,2,2012
43,College 1YR,Very Happy,2,2012
51,College 2YR,Pretty Happy,2,2012
31,Grade 12,Very Happy,2,2012
24,Grade 12,Pretty Happy,2,2012
32,Grade 12,Pretty Happy,2,2012
61,College 1YR,Very Happy,2,2012
49,Grade 12,Not Too Happy,2,2012
34,Grade 12,Pretty Happy,2,2012
32,Grade 12,Not Too Happy,2,2012
48,College 2YR,Not Too Happy,2,2012
61,College 4YR,Very Happy,2,2012
54,College 6YR,Pretty Happy,2,2012
60,College 2YR,Pretty Happy,2,2012
28,College 4YR,Pretty Happy,2,2012
50,Grade 12,Very Happy,2,2012
64,College 6YR,Pretty Happy,2,2012
25,Grade 9,Very Happy,2,2012
42,Grade 12,Very Happy,2,2012
45,College 3YR,Very Happy,2,2012
48,College 4YR,Not Too Happy,2,2012
53,College 7YR,Very Happy,2,2012
47,College 1YR,Pretty Happy,2,2012
39,College 1YR,Very Happy,2,2012
46,College 5YR,Pretty Happy,2,2012
56,College 2YR,Pretty Happy,2,2012
64,College 4YR,Very Happy,2,2012
45,College 2YR,Pretty Happy,2,2012
47,College 8YR,Very Happy,2,2012
31,Grade 12,Pretty Happy,2,2012
48,College 1YR,Pretty Happy,2,2012
47,Grade 12,Pretty Happy,2,2012
21,Grade 12,Pretty Happy,2,2012
28,Grade 12,Not Too Happy,2,2012
80,College 8YR,Pretty Happy,2,2012
31,College 3YR,Pretty Happy,2,2012
34,Grade 12,Pretty Happy,2,2012
27,Grade 11,Pretty Happy,2,2012
48,College 1YR,Pretty Happy,2,2012
64,Grade 12,Not Too Happy,2,2012
45,Grade 12,Pretty Happy,2,2012
53,Grade 12,Pretty Happy,2,2012
47,College 2YR,Pretty Happy,2,2012
57,College 8YR,Very Happy,2,2012
61,College 4YR,Pretty Happy,2,2012
17,Grade 12,Pretty Happy,2,2012
25,College 1YR,Pretty Happy,2,2012
64,College 4YR,Pretty Happy,2,2012
46,College 4YR,Very Happy,2,2012
54,College 4YR,Pretty Happy,2,2012
28,Grade 11,Pretty Happy,2,2012
44,College 4YR,Pretty Happy,2,2012
64,Grade 12,Not Too Happy,2,2012
49,College 4YR,Pretty Happy,2,2012
NA,Grade 11,Pretty Happy,2,2012
47,College 2YR,Pretty Happy,2,2012
60,College 5YR,Very Happy,2,2012
31,College 4YR,Very Happy,2,2012
73,Grade 12,Pretty Happy,2,2012
31,Grade 12,Not Too Happy,2,2012
49,College 3YR,Pretty Happy,2,2012
47,College 1YR,Very Happy,2,2012
37,Grade 11,Pretty Happy,2,2012
38,Grade 12,Not Too Happy,2,2012
16,College 1YR,Very Happy,2,2012
31,Grade 8,Pretty Happy,2,2012
35,College 2YR,Very Happy,2,2012
17,College 1YR,Pretty Happy,2,2012
21,Grade 12,Pretty Happy,2,2012
30,College 3YR,Very Happy,2,2012
61,College 4YR,Pretty Happy,2,2012
45,Grade 12,Pretty Happy,2,2012
52,College 1YR,Pretty Happy,2,2012
35,College 4YR,Very Happy,2,2012
38,College 2YR,Not Too Happy,2,2012
59,College 2YR,Not Too Happy,2,2012
40,College 4YR,Pretty Happy,2,2012
60,Grade 12,Very Happy,2,2012
64,College 4YR,Very Happy,2,2012
35,Grade 12,Pretty Happy,2,2012
31,College 1YR,Very Happy,2,2012
NA,Grade 12,Pretty Happy,2,2012
48,Grade 12,Pretty Happy,2,2012
33,Grade 9,Very Happy,2,2012
53,College 4YR,Very Happy,2,2012
48,Grade 12,Very Happy,2,2012
21,Grade 11,Pretty Happy,2,2012
48,College 2YR,Not Too Happy,2,2012
51,College 2YR,Not Too Happy,2,2012
43,College 4YR,Pretty Happy,2,2012
47,Grade 12,Pretty Happy,2,2012
59,College 4YR,Pretty Happy,2,2012
54,College 3YR,Not Too Happy,2,2012
38,College 3YR,Pretty Happy,2,2012
48,Grade 12,Very Happy,2,2012
45,Grade 9,Pretty Happy,2,2012
35,College 1YR,Pretty Happy,2,2012
24,Grade 12,Pretty Happy,2,2012
60,College 4YR,Pretty Happy,2,2012
39,Grade 12,Pretty Happy,2,2012
39,Grade 12,Pretty Happy,2,2012
38,Grade 12,Very Happy,2,2012
61,College 4YR,Pretty Happy,2,2012
37,Grade 10,Very Happy,2,2012
31,College 3YR,Pretty Happy,2,2012
49,Grade 12,Pretty Happy,2,2012
39,Grade 12,Not Too Happy,2,2012
50,College 3YR,Very Happy,2,2012
38,Grade 12,Very Happy,2,2012
38,Grade 12,Pretty Happy,2,2012
NA,Grade 11,Pretty Happy,2,2012
24,Grade 12,Not Too Happy,2,2012
17,College 6YR,Pretty Happy,2,2012
33,College 1YR,Very Happy,2,2012
64,College 4YR,Very Happy,2,2012
31,Grade 12,Not Too Happy,2,2012
21,Grade 6,Not Too Happy,2,2012
31,Grade 12,Very Happy,2,2012
50,Grade 9,Pretty Happy,2,2012
74,College 6YR,Not Too Happy,2,2012
33,College 1YR,Not Too Happy,2,2012
48,College 4YR,Pretty Happy,2,2012
36,College 2YR,Very Happy,2,2012
39,College 6YR,Pretty Happy,2,2012
31,Grade 11,Pretty Happy,2,2012
34,Grade 12,Pretty Happy,2,2012
32,Grade 12,Pretty Happy,2,2012
44,College 2YR,Very Happy,2,2012
61,College 6YR,Very Happy,2,2012
38,College 1YR,Not Too Happy,2,2012
48,College 2YR,Pretty Happy,2,2012
38,College 3YR,Not Too Happy,2,2012
50,College 4YR,Pretty Happy,2,2012
74,College 4YR,Pretty Happy,2,2012
35,College 2YR,Very Happy,2,2012
37,College 2YR,Pretty Happy,2,2012
40,College 1YR,Pretty Happy,2,2012
38,Grade 12,Not Too Happy,2,2012
61,College 1YR,Pretty Happy,2,2012
25,Grade 12,Pretty Happy,2,2012
39,College 2YR,Very Happy,2,2012
35,College 2YR,Very Happy,2,2012
29,Grade 11,Very Happy,2,2012
48,Grade 12,Pretty Happy,2,2012
37,Grade 12,Very Happy,2,2012
48,Grade 12,Very Happy,2,2012
47,Grade 12,Pretty Happy,2,2012
47,Grade 12,Pretty Happy,2,2012
52,College 4YR,Pretty Happy,2,2012
44,Grade 12,Pretty Happy,2,2012
47,Grade 12,Pretty Happy,2,2012
37,Grade 12,Very Happy,2,2012
61,College 8YR,Not Too Happy,2,2012
64,College 6YR,Pretty Happy,2,2012
54,College 6YR,Pretty Happy,2,2012
45,Grade 12,Pretty Happy,2,2012
31,Grade 12,Pretty Happy,2,2012
47,College 4YR,Pretty Happy,2,2012
64,College 2YR,Pretty Happy,2,2012
40,College 2YR,Very Happy,2,2012
48,Grade 12,Pretty Happy,2,2012
80,College 4YR,Very Happy,2,2012
28,Grade 12,Pretty Happy,2,2012
39,College 4YR,Very Happy,2,2012
22,College 5YR,Pretty Happy,2,2012
64,College 5YR,Very Happy,2,2012
55,College 3YR,Pretty Happy,2,2012
65,College 6YR,Very Happy,2,2012
46,College 3YR,Very Happy,2,2012
63,College 4YR,Very Happy,2,2012
NA,Grade 12,Pretty Happy,2,2012
59,College 1YR,Very Happy,2,2012
49,College 2YR,Pretty Happy,2,2012
31,College 3YR,Very Happy,2,2012
25,Grade 12,Pretty Happy,2,2012
40,Grade 12,Pretty Happy,2,2012
49,Grade 12,Pretty Happy,2,2012
31,College 5YR,Pretty Happy,2,2012
31,Grade 9,Pretty Happy,2,2012
61,College 8YR,Pretty Happy,2,2012
32,College 2YR,Very Happy,2,2012
53,Grade 12,Pretty Happy,2,2012
61,College 6YR,Very Happy,2,2012
31,College 4YR,Pretty Happy,2,2012
22,College 3YR,Very Happy,2,2012
48,Grade 12,Not Too Happy,2,2012
31,College 1YR,Very Happy,2,2012
31,Grade 12,Not Too Happy,2,2012
37,Grade 12,Very Happy,2,2012
31,College 1YR,Very Happy,2,2012
47,College 6YR,Pretty Happy,2,2012
61,College 6YR,Very Happy,2,2012
48,Grade 10,Pretty Happy,2,2012
24,Grade 7,Very Happy,2,2012
53,College 4YR,Very Happy,2,2012
59,College 1YR,Very Happy,2,2012
38,Grade 8,Very Happy,2,2012
34,College 4YR,Not Too Happy,2,2012
52,College 4YR,Pretty Happy,2,2012
59,College 6YR,Pretty Happy,2,2012
54,College 4YR,Very Happy,2,2012
46,Grade 12,Pretty Happy,2,2012
25,Grade 11,Very Happy,2,2012
47,College 8YR,Pretty Happy,2,2012
36,College 4YR,Pretty Happy,2,2012
38,College 4YR,Very Happy,2,2012
35,Grade 10,Very Happy,2,2012
48,College 2YR,Very Happy,2,2012
NA,Grade 10,Very Happy,2,2012
25,College 1YR,Pretty Happy,2,2012
50,Grade 10,Pretty Happy,2,2012
36,Grade 12,Very Happy,2,2012
64,College 5YR,Pretty Happy,2,2012
61,College 7YR,Very Happy,2,2012
21,College 4YR,Very Happy,2,2012
48,Grade 12,Pretty Happy,2,2012
18,College 2YR,Pretty Happy,2,2012
48,College 4YR,Pretty Happy,2,2012
64,College 2YR,Pretty Happy,2,2012
41,Grade 11,Pretty Happy,2,2012
28,Grade 12,Very Happy,2,2012
55,Grade 12,Not Too Happy,2,2012
39,Grade 12,Not Too Happy,2,2012
53,College 4YR,Pretty Happy,2,2012
61,College 6YR,Pretty Happy,2,2012
46,Grade 12,Pretty Happy,2,2012
21,Grade 12,Pretty Happy,2,2012
61,College 5YR,Pretty Happy,2,2012
39,Grade 12,Very Happy,2,2012
47,Grade 12,Pretty Happy,2,2012
48,Grade 9,Pretty Happy,2,2012
53,College 2YR,Pretty Happy,2,2012
25,Grade 11,Very Happy,2,2012
24,College 3YR,Not Too Happy,2,2012
35,Grade 12,Pretty Happy,2,2012
32,Grade 12,Not Too Happy,2,2012
35,Grade 12,Very Happy,2,2012
28,Grade 3,Pretty Happy,2,2012
48,College 4YR,Not Too Happy,2,2012
45,College 5YR,Very Happy,2,2012
45,Grade 12,Not Too Happy,2,2012
18,Grade 12,Pretty Happy,2,2012
33,Grade 12,Pretty Happy,2,2012
25,Grade 9,Pretty Happy,2,2012
31,Grade 12,Not Too Happy,2,2012
50,Grade 12,Pretty Happy,2,2012
38,College 2YR,Very Happy,2,2012
31,Grade 12,Pretty Happy,2,2012
31,College 4YR,Very Happy,2,2012
41,College 5YR,Very Happy,2,2012
45,College 4YR,Very Happy,2,2012
31,Grade 12,Not Too Happy,2,2012
34,Grade 12,Pretty Happy,2,2012
31,Grade 12,Very Happy,2,2012
NA,Grade 10,Very Happy,2,2012
NA,College 2YR,Pretty Happy,2,2012
53,College 4YR,Pretty Happy,2,2012
32,College 2YR,Pretty Happy,2,2012
39,College 2YR,Pretty Happy,2,2012
NA,College 4YR,Very Happy,2,2012
48,College 2YR,Pretty Happy,2,2012
64,College 2YR,Very Happy,2,2012
51,College 4YR,Very Happy,2,2012
42,Grade 10,Pretty Happy,2,2012
24,Grade 12,Very Happy,2,2012
48,College 3YR,Pretty Happy,2,2012
64,College 6YR,Very Happy,2,2012
35,Grade 10,Very Happy,2,2012
64,College 4YR,Pretty Happy,2,2012
39,College 1YR,Very Happy,2,2012
31,Grade 11,Pretty Happy,2,2012
47,College 4YR,Pretty Happy,2,2012
35,College 1YR,Very Happy,2,2012
NA,College 5YR,Very Happy,2,2012
22,Grade 11,Pretty Happy,2,2012
39,Grade 12,Pretty Happy,2,2012
25,College 2YR,Not Too Happy,2,2012
69,College 2YR,Not Too Happy,2,2012
29,Grade 12,Pretty Happy,2,2012
48,Grade 12,Pretty Happy,2,2012
61,Grade 12,Pretty Happy,2,2012
54,College 2YR,Pretty Happy,2,2012
25,Grade 12,Pretty Happy,2,2012
33,Grade 12,Pretty Happy,2,2012
28,College 1YR,Pretty Happy,2,2012
24,College 4YR,Not Too Happy,2,2012
47,College 4YR,Very Happy,2,2012
46,Grade 12,Pretty Happy,2,2012
61,College 6YR,Very Happy,2,2012
61,College 3YR,Very Happy,2,2012
26,Grade 12,Pretty Happy,2,2012
35,Grade 11,Not Too Happy,2,2012
61,College 4YR,Pretty Happy,2,2012
NA,Grade 10,Very Happy,2,2012
38,Grade 12,Pretty Happy,2,2012
61,College 2YR,Pretty Happy,2,2012
NA,College 2YR,Pretty Happy,2,2012
31,Grade 12,Not Too Happy,2,2012
51,College 2YR,Pretty Happy,2,2012
45,Grade 12,Pretty Happy,2,2012
31,College 1YR,Very Happy,2,2012
59,College 2YR,Pretty Happy,2,2012
44,College 2YR,Very Happy,2,2012
36,Grade 12,Very Happy,2,2012
50,Grade 12,Pretty Happy,2,2012
38,College 1YR,Very Happy,2,2012
64,College 3YR,Very Happy,2,2012
36,Grade 12,Pretty Happy,2,2012
24,College 2YR,Pretty Happy,2,2012
18,College 4YR,Very Happy,2,2012
49,College 2YR,Not Too Happy,2,2012
48,Grade 12,Pretty Happy,2,2012
53,College 2YR,Pretty Happy,2,2012
39,College 5YR,Very Happy,2,2012
39,College 6YR,Pretty Happy,2,2012
54,College 4YR,Very Happy,2,2012
48,Grade 9,Not Too Happy,2,2012
25,Grade 11,Pretty Happy,2,2012
49,Grade 12,Very Happy,2,2012
48,Grade 12,Pretty Happy,2,2012
64,College 2YR,Pretty Happy,2,2012
47,Grade 12,Not Too Happy,2,2012
64,College 3YR,Pretty Happy,2,2012
40,College 4YR,Pretty Happy,2,2012
47,College 4YR,Pretty Happy,2,2012
28,Grade 8,Not Too Happy,2,2012
46,Grade 12,Pretty Happy,2,2012
39,Grade 12,Very Happy,2,2012
41,Grade 12,Not Too Happy,2,2012
47,College 2YR,Pretty Happy,2,2012
35,Grade 12,Pretty Happy,2,2012
47,Grade 12,Pretty Happy,2,2012
33,College 1YR,Pretty Happy,2,2012
73,College 7YR,Pretty Happy,2,2012
72,College 4YR,Pretty Happy,2,2012
31,Grade 10,Pretty Happy,2,2012
31,Grade 12,Very Happy,2,2012
31,Grade 12,Pretty Happy,2,2012
NA,Grade 12,Pretty Happy,2,2012
38,Grade 12,Pretty Happy,2,2012
55,College 6YR,Very Happy,2,2012
NA,College 1YR,Very Happy,2,2012
64,College 5YR,Very Happy,2,2012
59,College 8YR,Pretty Happy,2,2012
36,Grade 11,Very Happy,2,2012
54,College 3YR,Pretty Happy,2,2012
54,College 6YR,Pretty Happy,2,2012
49,Grade 12,Very Happy,2,2012
61,College 6YR,Pretty Happy,2,2012
53,College 4YR,Not Too Happy,2,2012
36,College 1YR,Not Too Happy,2,2012
21,Grade 10,Pretty Happy,2,2012
31,College 1YR,Pretty Happy,2,2012
31,College 1YR,Pretty Happy,2,2012
28,College 2YR,Very Happy,2,2012
53,College 5YR,Pretty Happy,2,2012
53,College 4YR,Not Too Happy,2,2012
64,College 4YR,Very Happy,2,2012
31,College 4YR,Pretty Happy,2,2012
37,Grade 12,Pretty Happy,2,2012
48,Grade 12,Very Happy,2,2012
35,Grade 12,Pretty Happy,2,2012
NA,Grade 11,Pretty Happy,2,2012
35,Grade 12,Pretty Happy,2,2012
40,Grade 12,Pretty Happy,2,2012
59,College 7YR,Pretty Happy,2,2012
61,College 4YR,Pretty Happy,2,2012
65,College 6YR,Pretty Happy,2,2012
61,College 4YR,Pretty Happy,2,2012
45,Grade 12,Very Happy,2,2012
48,Grade 5,Pretty Happy,2,2012
35,Grade 12,Very Happy,2,2012
38,Grade 12,Very Happy,2,2012
61,Grade 12,Very Happy,2,2012
25,Grade 12,Very Happy,2,2012
48,College 3YR,Not Too Happy,2,2012
48,College 4YR,Very Happy,2,2012
50,College 2YR,Pretty Happy,2,2012
38,College 2YR,Pretty Happy,2,2012
NA,Grade 12,Pretty Happy,2,2012
60,College 1YR,Pretty Happy,2,2012
64,College 4YR,Pretty Happy,2,2012
47,College 2YR,Pretty Happy,2,2012
64,College 6YR,Not Too Happy,2,2012
61,College 7YR,Very Happy,2,2012
61,College 4YR,Pretty Happy,2,2012
38,College 8YR,Pretty Happy,2,2012
45,College 4YR,Pretty Happy,2,2012
25,Grade 9,Pretty Happy,2,2012
31,College 2YR,Pretty Happy,2,2012
48,Grade 12,Pretty Happy,2,2012
64,College 3YR,Pretty Happy,2,2012
NA,College 5YR,Very Happy,2,2012
59,College 4YR,Pretty Happy,2,2012
42,Grade 6,Pretty Happy,2,2012
24,College 3YR,Very Happy,2,2012
28,Grade 12,Pretty Happy,2,2012
48,College 3YR,Not Too Happy,2,2012
48,College 2YR,Pretty Happy,2,2012
48,Grade 8,Not Too Happy,2,2012
23,Grade 12,Not Too Happy,2,2012
40,College 1YR,Very Happy,2,2012
24,Grade 12,Very Happy,2,2012
55,Grade 12,Pretty Happy,2,2012
40,College 2YR,Very Happy,2,2012
47,College 2YR,Pretty Happy,2,2012
74,College 8YR,Pretty Happy,2,2012
NA,College 1YR,Very Happy,2,2012
48,College 3YR,Very Happy,2,2012
28,College 2YR,Very Happy,2,2012
74,College 8YR,Very Happy,2,2012
22,Grade 11,Pretty Happy,2,2012
NA,College 2YR,Pretty Happy,2,2012
69,College 7YR,Pretty Happy,2,2012
74,College 8YR,Very Happy,2,2012
52,College 6YR,Very Happy,2,2012
25,Grade 12,Pretty Happy,2,2012
24,Grade 8,NA,2,2012
69,College 2YR,Pretty Happy,2,2012
28,Grade 10,Not Too Happy,2,2012
38,Grade 12,Very Happy,2,2012
60,College 4YR,Very Happy,2,2012
74,College 8YR,Pretty Happy,2,2012
51,College 6YR,Not Too Happy,2,2012
61,College 5YR,Pretty Happy,2,2012
31,Grade 12,Pretty Happy,2,2012
48,College 2YR,Very Happy,2,2012
61,College 6YR,Pretty Happy,2,2012
28,Grade 8,Not Too Happy,2,2012
31,Grade 12,Pretty Happy,2,2012
42,Grade 12,Pretty Happy,2,2012
31,Grade 9,Pretty Happy,2,2012
55,Grade 12,Very Happy,2,2012
33,Grade 12,Pretty Happy,2,2012
64,College 5YR,Very Happy,2,2012
NA,Grade 8,Very Happy,2,2012
64,College 3YR,Pretty Happy,2,2012
63,College 4YR,Pretty Happy,2,2012
53,College 3YR,Pretty Happy,2,2012
74,Grade 12,Very Happy,2,2012
27,Grade 12,Pretty Happy,2,2012
38,Grade 12,Very Happy,2,2012
36,Grade 12,Pretty Happy,2,2012
31,College 3YR,Pretty Happy,2,2012
35,Grade 12,Very Happy,2,2012
31,College 4YR,Pretty Happy,2,2012
28,College 2YR,Pretty Happy,2,2012
48,College 3YR,Pretty Happy,2,2012
36,Grade 12,Pretty Happy,2,2012
35,Grade 11,Very Happy,2,2012
45,College 4YR,Very Happy,2,2012
53,College 4YR,Very Happy,2,2012
31,College 4YR,Pretty Happy,2,2012
54,College 4YR,Very Happy,2,2012
38,College 2YR,Very Happy,2,2012
39,College 4YR,Very Happy,2,2012
59,Grade 12,Pretty Happy,2,2012
35,Grade 10,Not Too Happy,2,2012
31,Grade 12,Pretty Happy,2,2012
38,Grade 12,Pretty Happy,2,2012
48,College 3YR,Pretty Happy,2,2012
64,College 7YR,Pretty Happy,2,2012
74,College 8YR,Very Happy,2,2012
40,College 2YR,Pretty Happy,2,2012
64,College 6YR,Pretty Happy,2,2012
45,Grade 12,Pretty Happy,2,2012
46,College 2YR,Pretty Happy,2,2012
42,Grade 12,Not Too Happy,2,2012
39,College 2YR,Very Happy,2,2012
24,Grade 11,Very Happy,2,2012
NA,College 1YR,Very Happy,2,2012
48,College 2YR,Very Happy,2,2012
28,Grade 12,Pretty Happy,2,2012
42,Grade 12,Pretty Happy,2,2012
28,College 3YR,Pretty Happy,2,2012
52,College 1YR,Very Happy,2,2012
74,College 1YR,Very Happy,2,2012
48,Grade 10,Pretty Happy,2,2012
25,Grade 1,Very Happy,2,2012
33,College 2YR,Very Happy,2,2012
48,College 3YR,Very Happy,2,2012
38,Grade 12,Very Happy,2,2012
27,Grade 3,Not Too Happy,2,2012
33,Grade 11,Pretty Happy,2,2012
35,Grade 8,Not Too Happy,2,2012
38,College 1YR,Pretty Happy,2,2012
NA,College 1YR,Not Too Happy,2,2012
32,Grade 2,Very Happy,2,2012
32,College 1YR,Very Happy,2,2012
NA,Grade 12,Pretty Happy,2,2012
50,College 4YR,Pretty Happy,2,2012
65,College 6YR,Very Happy,2,2012
NA,College 2YR,Very Happy,2,2012
53,College 2YR,Pretty Happy,2,2012
38,Grade 12,Pretty Happy,2,2012
61,College 4YR,Very Happy,2,2012
38,College 2YR,Not Too Happy,2,2012
50,College 2YR,Pretty Happy,2,2012
57,College 2YR,Pretty Happy,2,2012
21,College 2YR,Pretty Happy,2,2012
17,College 2YR,Very Happy,2,2012
25,College 1YR,Very Happy,2,2012
47,College 1YR,Very Happy,2,2012
47,College 1YR,Very Happy,2,2012
43,College 5YR,Very Happy,2,2012
51,College 8YR,Very Happy,2,2012
80,College 8YR,Very Happy,2,2012
47,College 2YR,Pretty Happy,2,2012
51,Grade 8,Pretty Happy,2,2012
74,College 8YR,Pretty Happy,2,2012
35,College 3YR,Pretty Happy,2,2012
40,Grade 12,Not Too Happy,2,2012
42,Grade 12,Very Happy,2,2012
26,Grade 12,Pretty Happy,2,2012
37,Grade 12,Pretty Happy,2,2012
35,Grade 12,Very Happy,2,2012
25,Grade 11,Not Too Happy,2,2012
56,College 7YR,Pretty Happy,2,2012
NA,Grade 6,Not Too Happy,2,2012
22,Grade 2,Pretty Happy,2,2012
NA,College 4YR,Pretty Happy,2,2012
47,Grade 12,Not Too Happy,2,2012
NA,Grade 6,Very Happy,2,2012
38,College 1YR,Pretty Happy,2,2012
41,Grade 12,Pretty Happy,2,2012
38,College 1YR,Very Happy,2,2012
48,Grade 11,Pretty Happy,2,2012
39,College 3YR,Pretty Happy,2,2012
25,Grade 11,Pretty Happy,2,2012
64,College 6YR,Very Happy,2,2012
25,Grade 4,Pretty Happy,2,2012
47,College 2YR,Very Happy,2,2012
31,Grade 11,Not Too Happy,2,2012
NA,Grade 3,Very Happy,2,2012
46,Grade 12,Very Happy,2,2012
47,Grade 12,Pretty Happy,2,2012
31,Grade 12,Very Happy,2,2012
31,College 2YR,Very Happy,2,2012
46,Grade 12,Not Too Happy,2,2012
56,College 4YR,Pretty Happy,2,2012
59,College 2YR,Not Too Happy,2,2012
36,Grade 12,Pretty Happy,2,2012
NA,College 1YR,Pretty Happy,2,2012
28,Grade 12,Not Too Happy,2,2012
46,College 2YR,Pretty Happy,2,2012
53,College 3YR,Pretty Happy,2,2012
NA,College 1YR,Pretty Happy,2,2012
55,College 6YR,Pretty Happy,2,2012
21,College 2YR,Very Happy,2,2012
74,College 8YR,Pretty Happy,2,2012
38,Grade 12,Very Happy,2,2012
47,Grade 12,Very Happy,2,2012
25,Grade 8,Pretty Happy,2,2012
46,College 3YR,Pretty Happy,2,2012
27,Grade 8,Pretty Happy,2,2012
38,College 1YR,Pretty Happy,2,2012
33,College 2YR,Not Too Happy,2,2012
49,College 5YR,Pretty Happy,2,2012
35,Grade 11,Not Too Happy,2,2012
36,College 2YR,Pretty Happy,2,2012
64,College 8YR,Pretty Happy,2,2012
31,Grade 10,Very Happy,2,2012
65,Grade 12,Very Happy,2,2012
31,Grade 8,Not Too Happy,2,2012
NA,Grade 11,Not Too Happy,2,2012
38,College 1YR,Pretty Happy,2,2012
21,Grade 7,Not Too Happy,2,2012
60,Grade 12,Very Happy,2,2012
31,College 1YR,Pretty Happy,2,2012
45,College 5YR,Pretty Happy,2,2012
48,Grade 12,Not Too Happy,2,2012
29,Grade 12,Not Too Happy,2,2012
34,Grade 8,Pretty Happy,2,2012
44,Grade 12,Not Too Happy,2,2012
25,College 1YR,Pretty Happy,2,2012
27,Grade 12,Pretty Happy,2,2012
52,College 2YR,Very Happy,2,2012
51,College 2YR,NA,2,2012
NA,Grade 11,Not Too Happy,2,2012
31,College 2YR,Pretty Happy,2,2012
61,College 4YR,Very Happy,2,2012
36,College 2YR,Very Happy,2,2012
NA,College 2YR,Not Too Happy,2,2012
38,College 4YR,Pretty Happy,2,2012
39,Grade 9,Pretty Happy,2,2012
51,College 2YR,Pretty Happy,2,2012
32,College 2YR,Pretty Happy,2,2012
47,Grade 12,Pretty Happy,2,2012
45,College 6YR,Very Happy,2,2012
73,College 8YR,Very Happy,2,2012
47,College 4YR,Very Happy,2,2012
62,College 2YR,Very Happy,2,2012
64,College 8YR,Very Happy,2,2012
73,College 4YR,Very Happy,2,2012
61,College 7YR,Pretty Happy,2,2012
64,College 5YR,Pretty Happy,2,2012
46,College 1YR,Pretty Happy,2,2012
38,College 1YR,Very Happy,2,2012
52,Grade 12,Pretty Happy,2,2012
53,College 1YR,Pretty Happy,2,2012
63,Grade 12,Pretty Happy,2,2012
38,College 1YR,Pretty Happy,2,2012
32,Grade 12,Not Too Happy,2,2012
38,Grade 8,Very Happy,2,2012
28,Grade 12,Pretty Happy,2,2012
28,Grade 10,Pretty Happy,2,2012
69,College 2YR,Not Too Happy,2,2012
34,College 2YR,Pretty Happy,2,2012
NA,Grade 8,Not Too Happy,2,2012
25,Grade 11,Pretty Happy,2,2012
24,Grade 4,Pretty Happy,2,2012
36,Grade 12,Not Too Happy,2,2012
24,College 1YR,Pretty Happy,2,2012
24,Grade 10,Not Too Happy,2,2012
25,College 2YR,Pretty Happy,2,2012
26,Grade 12,Very Happy,2,2012
48,College 2YR,Very Happy,2,2012
38,Grade 9,Not Too Happy,2,2012
35,Grade 6,Not Too Happy,2,2012
31,Grade 12,Very Happy,2,2012
53,College 1YR,Very Happy,2,2012
36,Grade 12,Very Happy,2,2012
52,College 1YR,Very Happy,2,2012
59,Grade 12,Very Happy,2,2012
31,Grade 12,Pretty Happy,2,2012
31,Grade 12,Not Too Happy,2,2012
30,Grade 12,Very Happy,2,2012
51,College 4YR,Pretty Happy,2,2012
35,College 4YR,Pretty Happy,2,2012
NA,Grade 9,Pretty Happy,2,2012
28,College 2YR,Pretty Happy,2,2012
48,College 4YR,Pretty Happy,2,2012
28,Grade 12,Very Happy,2,2012
49,Grade 12,Pretty Happy,2,2012
61,College 5YR,Pretty Happy,2,2012
34,Grade 12,Very Happy,2,2012
42,College 2YR,Not Too Happy,2,2012
54,College 1YR,Pretty Happy,2,2012
31,Grade 12,Pretty Happy,2,2012
28,Grade 4,Very Happy,2,2012
24,College 1YR,Pretty Happy,2,2012
48,College 1YR,Pretty Happy,2,2012
21,Grade 8,Pretty Happy,2,2012
23,Grade 12,Very Happy,2,2012
NA,Grade 12,Very Happy,2,2012
32,Grade 11,Pretty Happy,2,2012
48,Grade 12,Pretty Happy,2,2012
38,Grade 12,Pretty Happy,2,2012
61,College 4YR,Very Happy,2,2012
32,Grade 12,Very Happy,2,2012
33,Grade 12,Very Happy,2,2012
32,Grade 12,Pretty Happy,2,2012
47,Grade 12,Very Happy,2,2012
64,College 4YR,Very Happy,2,2012
40,Grade 12,Pretty Happy,2,2012
17,College 2YR,Pretty Happy,2,2012
31,College 3YR,Pretty Happy,2,2012
48,Grade 12,Pretty Happy,2,2012
39,Grade 11,Pretty Happy,2,2012
46,Grade 11,Pretty Happy,2,2012
48,Grade 12,Very Happy,2,2012
59,College 8YR,Pretty Happy,2,2012
31,College 1YR,Pretty Happy,2,2012
31,Grade 12,Very Happy,2,2012
39,College 4YR,Pretty Happy,2,2012
47,Grade 12,Very Happy,2,2012
60,College 3YR,Pretty Happy,2,2012
32,College 4YR,Very Happy,2,2012
64,College 8YR,Very Happy,2,2012
64,College 2YR,Pretty Happy,2,2012
35,Grade 10,Not Too Happy,2,2012
NA,Grade 11,Very Happy,2,2012
49,Grade 11,Pretty Happy,2,2012
57,College 4YR,Very Happy,2,2012
24,Grade 10,Pretty Happy,2,2012
46,College 2YR,Very Happy,2,2012
44,College 2YR,Not Too Happy,2,2012
NA,College 2YR,Pretty Happy,2,2012
33,Grade 12,Very Happy,2,2012
61,College 6YR,Pretty Happy,2,2012
38,Grade 12,Pretty Happy,2,2012
64,College 4YR,Very Happy,2,2012
27,Grade 4,Not Too Happy,2,2012
45,College 1YR,Pretty Happy,2,2012
34,Grade 4,Pretty Happy,2,2012
35,College 7YR,Not Too Happy,2,2012
28,Grade 10,Pretty Happy,2,2012
69,College 4YR,Pretty Happy,2,2012
33,Grade 12,Pretty Happy,2,2012
24,Grade 12,Very Happy,2,2012
NA,Grade 12,Not Too Happy,2,2012
47,Grade 12,Pretty Happy,2,2012
27,Grade 8,Very Happy,2,2012
35,College 2YR,Pretty Happy,2,2012
32,College 1YR,Not Too Happy,2,2012
35,Grade 12,Pretty Happy,2,2012
33,Grade 9,Pretty Happy,2,2012
35,Grade 12,Pretty Happy,2,2012
53,College 2YR,Pretty Happy,2,2012
48,Grade 11,Pretty Happy,2,2012
45,Grade 9,Pretty Happy,2,2012
35,Grade 11,Pretty Happy,2,2012
35,Grade 11,Pretty Happy,2,2012
NA,Grade 3,Not Too Happy,2,2012
41,Grade 12,Very Happy,2,2012
31,Grade 12,Pretty Happy,2,2012
48,Grade 12,Not Too Happy,2,2012
NA,Grade 12,Not Too Happy,2,2012
53,College 4YR,NA,2,2012
35,Grade 12,Pretty Happy,2,2012
38,College 2YR,Pretty Happy,2,2012
25,Grade 11,Pretty Happy,2,2012
NA,Grade 7,NA,2,2012
61,College 5YR,Not Too Happy,2,2012
31,College 2YR,Very Happy,2,2012
NA,Grade 10,Very Happy,2,2012
NA,College 4YR,Pretty Happy,2,2012
46,College 3YR,Pretty Happy,2,2012
35,Grade 12,Pretty Happy,2,2012
21,Grade 12,Pretty Happy,2,2012
48,Grade 12,Pretty Happy,2,2012
59,College 4YR,Very Happy,2,2012
28,College 4YR,Very Happy,2,2012
64,College 2YR,Pretty Happy,2,2012
25,College 4YR,Very Happy,2,2012
70,College 8YR,Pretty Happy,2,2012
53,College 7YR,Pretty Happy,2,2012
38,College 2YR,Pretty Happy,2,2012
35,College 2YR,Pretty Happy,2,2012
51,College 7YR,Pretty Happy,2,2012
NA,Grade 9,Pretty Happy,2,2012
NA,Grade 11,Not Too Happy,2,2012
38,College 4YR,Very Happy,2,2012
47,College 1YR,Not Too Happy,2,2012
53,Grade 12,Pretty Happy,2,2012
